date,Expense Name,expense_type,amount,invoice_no
2023-06-04,PETROL,1,12.00,PETROL
2023-06-05,PETROL,1,100.00,PETROL
2023-06-05,FOOD,2,112.50,FOOD
2023-06-07,PETROL,1,120.00,PETROL
2023-06-07,SALARY,3,23.00,SALARY WPS
2023-06-07,VEHICLE EXP,4,1620.00,VEHICLE EXP
2023-06-07,SALARY,3,350.00,SALARY SHAHEER
2023-06-08,REPAIRE & MAINTANENCE,5,600.00,REPAIRE & MAINTANENCE ALUMINIUM
2023-06-08,REPAIRE & MAINTANENCE,5,600.00,"REPAIRE & MAINTANENCE PDT , MONITOR"
2023-06-09,FOOD,2,85.00,FOOD
2023-06-10,PETROL,1,12.00,PETROL
2023-06-10,REPAIRE & MAINTANENCE,5,68.00,REPAIRE & MAINTANENCE STAMP
2023-06-12,PETROL,1,50.00,PETROL
2023-06-12,REPAIRE & MAINTANENCE,5,1000.00,REPAIRE & MAINTANENCE ALUMINIUM
2023-06-13,CHARITY,6,25.00,CHARITY
2023-06-14,CHARITY,6,25.00,CHARITY
2023-06-15,PETROL,1,100.00,PETROL
2023-06-15,REPAIRE & MAINTANENCE,5,68.00,REPAIRE & MAINTANENCE STAMP
2023-06-15,CHARITY,6,25.00,CHARITY
2023-06-16,FOOD,2,85.00,FOOD
2023-06-16,REPAIRE & MAINTANENCE,5,143.00,REPAIRE & MAINTANENCE
2023-06-16,REPAIRE & MAINTANENCE,5,2000.00,REPAIRE & MAINTANENCE ROOM
2023-06-16,REPAIRE & MAINTANENCE,5,235.00,REPAIRE & MAINTANENCE ELECTRIC
2023-06-16,VEHICLE EXP,4,930.00,"VEHICLE EXP PASSING, TYPING"
2023-06-17,PETROL,1,100.00,PETROL
2023-06-17,REPAIRE & MAINTANENCE,5,1100.00,"REPAIRE & MAINTANENCE STICKER, COOLING"
2023-06-17,CHARITY,6,25.00,CHARITY
2023-06-18,FOOD,2,275.00,FOOD
2023-06-18,REPAIRE & MAINTANENCE,5,1500.00,REPAIRE & MAINTANENCE ELECTRIC
2023-06-18,CHARITY,6,25.00,CHARITY
2023-06-19,PETROL,1,12.00,PETROL
2023-06-19,VEHICLE EXP,4,1555.00,"VEHICLE EXP PASSING, INSU"
2023-06-19,VEHICLE EXP,4,130.00,VEHICLE EXP RECOVERY
2023-06-19,CHARITY,6,25.00,CHARITY
2023-06-20,PETROL,1,12.00,PETROL
2023-06-20,REPAIRE & MAINTANENCE,5,12.00,REPAIRE & MAINTANENCE
2023-06-20,CHARITY,6,25.00,CHARITY
2023-06-21,CARRY BAG,7,309.00,CARRY BAG
2023-06-21,TELEPHONE,8,150.00,TELEPHONE INTERNET
2023-06-21,REPAIRE & MAINTANENCE,5,200.00,REPAIRE & MAINTANENCE BOARD
2023-06-21,CHARITY,6,25.00,CHARITY
2023-06-22,PETROL,1,140.00,PETROL
2023-06-22,REPAIRE & MAINTANENCE,5,26.00,REPAIRE & MAINTANENCE
2023-06-22,CHARITY,6,25.00,CHARITY
2023-06-23,PETROL,1,15.00,PETROL
2023-06-23,REPAIRE & MAINTANENCE,5,126.00,REPAIRE & MAINTANENCE BASKET
2023-06-23,REPAIRE & MAINTANENCE,5,1375.00,REPAIRE & MAINTANENCE FREEZER
2023-06-23,CHARITY,6,30.00,CHARITY
2023-06-24,PETROL,1,100.00,PETROL
2023-06-24,CARRY BAG,7,162.00,CARRY BAG
2023-06-24,SHOP EXP,9,28.00,SHOP EXP
2023-06-24,CHARITY,6,25.00,CHARITY
2023-06-25,CHARITY,6,25.00,CHARITY
2023-06-26,PETROL,1,12.00,PETROL
2023-06-26,FOOD,2,98.00,FOOD
2023-06-26,FOOD,2,13.50,FOOD
2023-06-26,CHARITY,6,25.00,CHARITY
2023-06-26,REPAIRE & MAINTANENCE,5,450.00,REPAIRE & MAINTANENCE NAME BOARD
2023-06-26,REPAIRE & MAINTANENCE,5,500.00,REPAIRE & MAINTANENCE LIGHT FITTING
2023-06-27,PETROL,1,150.00,PETROL
2023-06-27,FOOD,2,18.00,FOOD
2023-06-27,REPAIRE & MAINTANENCE,5,1500.00,REPAIRE & MAINTANENCE MAINTANENCE
2023-06-27,CHARITY,6,25.00,CHARITY
2023-06-28,PETROL,1,110.00,PETROL
2023-06-28,PETROL,1,100.00,PETROL
2023-06-28,FOOD,2,68.25,FOOD
2023-06-28,FOOD,2,85.00,FOOD
2023-06-28,CHARITY,6,25.00,CHARITY
2023-06-29,PETROL,1,15.00,PETROL
2023-06-29,CHARITY,6,25.00,CHARITY
2023-06-29,SALARY,3,9121.00,SALARY
2023-06-30,CHARITY,6,25.00,CHARITY
2023-07-01,REPAIRE & MAINTANENCE,5,2200.00,REPAIRE & MAINTANENCE STICKER WORK
2023-07-01,CHARITY,6,25.00,CHARITY
2023-07-02,PETROL,1,14.00,PETROL
2023-07-02,CHARITY,6,25.00,CHARITY
2023-07-03,FOOD,2,28.00,FOOD
2023-07-03,CHARITY,6,25.00,CHARITY
2023-07-04,PETROL,1,110.00,PETROL
2023-07-04,FOOD,2,28.00,FOOD
2023-07-04,REPAIRE & MAINTANENCE,5,50.00,REPAIRE & MAINTANENCE PEST CONTROL
2023-07-04,SALARY,3,48.00,SALARY WPS CHARGE
2023-07-04,GOVT EXP,10,100.00,GOVT EXP AGREEMENT
2023-07-05,PETROL,1,12.00,PETROL
2023-07-05,GOVT EXP,10,500.00,GOVT EXP COMMISSION
2023-07-05,CHARITY,6,25.00,CHARITY
2023-07-07,PETROL,1,190.00,PETROL
2023-07-09,PETROL,1,60.00,PETROL
2023-07-09,FOOD,2,72.00,FOOD
2023-07-09,TELEPHONE CHARGE,11,140.00,TELEPHONE CHARGE
2023-07-09,AADC,12,5100.00,AADC
2023-07-10,PETROL,1,60.00,PETROL
2023-07-10,FOOD,2,25.00,FOOD
2023-07-11,FOOD,2,28.00,FOOD
2023-07-12,PETROL,1,162.00,PETROL
2023-07-12,FOOD,2,31.00,FOOD
2023-07-13,PETROL,1,60.00,PETROL
2023-07-13,FOOD,2,42.00,FOOD
2023-07-13,FOOD,2,31.00,FOOD
2023-07-14,FOOD,2,35.00,FOOD
2023-07-15,PETROL,1,12.00,PETROL
2023-07-16,SALARY,3,4000.00,SALARY
2023-07-16,PETROL,1,200.00,PETROL
2023-07-16,FOOD,2,33.00,FOOD
2023-07-17,FOOD,2,50.00,FOOD
2023-07-18,PETROL,1,12.00,PETROL
2023-07-18,VISA EXP,13,5250.00,VISA EXP NAHANA
2023-07-19,PETROL,1,60.00,PETROL
2023-07-19,CHARITY,6,25.00,CHARITY
2023-07-19,FOOD,2,16.00,FOOD
2023-07-20,VISA EXP,13,250.00,VISA EXP NAHANA / MEDICAL
2023-07-20,PETROL,1,60.00,PETROL
2023-07-20,FOOD,2,30.00,FOOD
2023-07-20,CHARITY,6,25.00,CHARITY
2023-07-21,VEHICLE EXP,4,100.00,VEHICLE EXP SALIK
2023-07-21,VEHICLE EXP,4,80.00,VEHICLE EXP BUS CARD
2023-07-21,CHARITY,6,25.00,CHARITY
2023-07-21,FOOD,2,36.00,FOOD
2023-07-21,PETROL,1,150.00,PETROL
2023-07-22,GENERAL EXP,14,945.00,GENERAL EXP UNIFORM
2023-07-22,GENERAL EXP,14,1000.00,GENERAL EXP PRINTING
2023-07-22,FOOD,2,25.00,FOOD
2023-07-22,CHARITY,6,25.00,CHARITY
2023-07-22,PETROL,1,12.00,PETROL
2023-07-23,PETROL,1,60.00,PETROL
2023-07-23,FOOD,2,30.00,FOOD
2023-07-23,CHARITY,6,25.00,CHARITY
2023-07-24,FOOD,2,24.00,FOOD
2023-07-24,CHARITY,6,25.00,CHARITY
2023-07-25,FOOD,2,22.00,FOOD
2023-07-25,PETROL,1,12.00,PETROL
2023-07-25,PETROL,1,154.00,PETROL
2023-07-25,CHARITY,6,25.00,CHARITY
2023-07-26,FOOD,2,23.00,FOOD
2023-07-26,CHARITY,6,25.00,CHARITY
2023-07-27,PETROL,1,12.00,PETROL
2023-07-27,FOOD,2,23.00,FOOD
2023-07-27,CHARITY,6,25.00,CHARITY
2023-07-28,PETROL,1,60.00,PETROL
2023-07-28,CHARITY,6,25.00,CHARITY
2023-07-29,PETROL,1,159.00,PETROL
2023-07-29,FOOD,2,15.00,FOOD
2023-07-29,CHARITY,6,25.00,CHARITY
2023-07-30,PETROL,1,116.00,PETROL
2023-07-30,VEHICLE EXP,4,350.00,VEHICLE EXP VEH REPAIRE
2023-07-30,CHARITY,6,25.00,CHARITY
2023-07-31,VEHICLE EXP,4,350.00,VEHICLE EXP BIKE
2023-07-31,FOOD,2,25.00,FOOD
2023-07-31,SALARY,3,300.00,SALARY KHAN
2023-07-31,CHARITY,6,25.00,CHARITY
2023-08-01,PETROL,1,12.00,PETROL
2023-08-01,CARRY BAG,7,309.00,CARRY BAG
2023-08-01,CHARITY,6,25.00,CHARITY
2023-08-02,FOOD,2,40.00,FOOD
2023-08-02,SALARY,3,1000.00,SALARY KHAN
2023-08-02,CHARITY,6,25.00,CHARITY
2023-08-03,PETROL,1,110.00,PETROL
2023-08-03,PETROL,1,12.00,PETROL
2023-08-03,CARRY BAG,7,123.00,CARRY BAG
2023-08-03,CHARITY,6,25.00,CHARITY
2023-08-03,VISA EXP,13,900.00,VISA EXP NAHANA
2023-08-03,PETROL,1,200.00,PETROL SABITH
2023-08-03,INAUGRATION PROGRAM,15,450.00,INAUGRATION PROGRAM
2023-08-03,AADC,12,2000.00,AADC
2023-08-03,FOOD,2,30.00,FOOD
2023-08-03,SALARY,3,1500.00,SALARY KHALEEL
2023-08-04,CHARITY,6,25.00,CHARITY
2023-08-05,CHARITY,6,25.00,CHARITY
2023-08-05,PETROL,1,12.00,PETROL
2023-08-06,SALARY,3,2000.00,SALARY HILAL
2023-08-06,AADC,12,330.00,AADC
2023-08-06,GAS,16,68.25,GAS
2023-08-06,SALARY,3,19.00,SALARY WPS CHARGE
2023-08-06,CHARITY,6,25.00,CHARITY
2023-08-07,AADC,12,2000.00,AADC
2023-08-07,CHARITY,6,25.00,CHARITY
2023-08-08,PARKING,17,6.00,PARKING
2023-08-08,PETROL,1,12.00,PETROL
2023-08-08,GENERAL EXP,14,60.00,
2023-08-08,CHARITY,6,25.00,CHARITY
2023-08-09,SALARY,3,1700.00,SALARY JASIL
2023-08-09,CHARITY,6,25.00,CHARITY
2023-08-10,PETROL,1,12.00,PETROL
2023-08-10,PEST CONTROL,18,52.00,PEST CONTROL
2023-08-10,CHARITY,6,25.00,CHARITY
2023-08-10,SALARY,3,800.00,SALARY SHABEER
2023-08-11,PETROL,1,115.00,PETROL
2023-08-11,PEST CONTROL,18,105.00,PEST CONTROL
2023-08-11,CHARITY,6,25.00,CHARITY
2023-08-12,PETROL,1,12.00,PETROL
2023-08-12,CHARITY,6,25.00,CHARITY
2023-08-13,REPAIRE & MAINTANENCE,5,700.00,"REPAIRE & MAINTANENCE AC, FREEZER"
2023-08-13,CHARITY,6,25.00,CHARITY
2023-08-14,PETROL,1,12.00,PETROL
2023-08-14,CHARITY,6,25.00,CHARITY
2023-08-14,TELEPHONE,8,1130.00,TELEPHONE
2023-08-15,PETROL,1,110.00,PETROL
2023-08-15,SALARY,3,400.00,SALARY KHAN
2023-08-15,AADC,12,500.00,AADC
2023-08-15,CHARITY,6,25.00,CHARITY
2023-08-16,CARRY BAG,7,147.00,CARRY BAG
2023-08-16,AADC,12,500.00,AADC
2023-08-16,CHARITY,6,25.00,CHARITY
2023-08-17,PETROL,1,10.00,PETROL
2023-08-17,AADC,12,500.00,AADC
2023-08-17,CHARITY,6,25.00,CHARITY
2023-08-18,PETROL,1,12.00,PETROL
2023-08-18,CARRY BAG,7,206.00,CARRY BAG
2023-08-18,CHARITY,6,25.00,CHARITY
2023-08-18,AADC,12,770.00,AADC
2023-08-18,TELEPHONE,8,146.00,TELEPHONE INTERNET
2023-08-19,CHARITY,6,25.00,CHARITY
2023-08-20,CHARITY,6,25.00,CHARITY
2023-08-21,PETROL,1,12.00,PETROL
2023-08-21,CHARITY,6,25.00,CHARITY
2023-08-22,CHARITY,6,25.00,CHARITY
2023-08-23,PETROL,1,12.00,PETROL
2023-08-23,CHARITY,6,25.00,CHARITY
2023-08-24,CHARITY,6,25.00,CHARITY
2023-08-25,PETROL,1,110.00,PETROL
2023-08-25,PETROL,1,12.00,PETROL
2023-08-25,ROOM RENT,19,500.00,ROOM RENT  NAHNA
2023-08-25,CHARITY,6,25.00,CHARITY
2023-08-26,CHARITY,6,25.00,CHARITY
2023-08-27,PETROL,1,12.00,PETROL
2023-08-27,SALARY,3,500.00,SALARY SHABEER
2023-08-27,CHARITY,6,25.00,CHARITY
2023-08-28,PETROL,1,20.00,PETROL
2023-08-28,VEHICLE EXP,4,30.00,VEHICLE EXP OIL
2023-08-28,CHARITY,6,25.00,CHARITY
2023-08-29,TRAVEL EXP,20,80.00,TRAVEL EXP
2023-08-29,CHARITY,6,25.00,CHARITY
2023-08-29,SALARY,3,2000.00,SALARY ANURAG
2023-08-30,PETROL,1,12.00,PETROL
2023-08-30,SALARY,3,1000.00,SALARY ANURAG
2023-08-30,CARRY BAG,7,226.00,CARRY BAG VEG ROLL
2023-08-30,CHARITY,6,25.00,CHARITY
2023-08-31,PETROL,1,30.00,PETROL
2023-08-31,VEHICLE EXP,4,100.00,VEHICLE EXP BIKE REPAIRE
2023-08-31,PETROL,1,100.00,PETROL
2023-08-31,AADC,12,1130.00,AADC
2023-08-31,CHARITY,6,25.00,CHARITY
2023-09-01,PETROL,1,130.00,petrol
2023-09-01,PETROL,1,12.00,petrol
2023-09-01,CHARITY,6,25.00,charity
2023-09-02,FOOD,2,29.00,fish
2023-09-02,TELEPHONE,8,230.00,net shop
2023-09-02,CHARITY,6,25.00,charity
2023-09-03,PETROL,1,10.00,petrol
2023-09-03,AADC,12,4000.00,electricity
2023-09-03,VEHICLE EXP,4,125.00,van repaire
2023-09-03,CHARITY,6,25.00,charity
2023-09-04,PETROL,1,20.00,petrol
2023-09-04,CHARITY,6,25.00,charity
2023-09-05,SALARY,3,3520.00,"fasal , nahma salary"
2023-09-05,PETROL,1,30.00,petrol
2023-09-05,VEHICLE EXP,4,370.00,veh exp
2023-09-05,CHARITY,6,25.00,charity
2023-09-06,PETROL,1,100.00,petrol
2023-09-06,PETROL,1,15.00,petrol
2023-09-06,CHARITY,6,25.00,charity
2023-09-07,CHARITY,6,25.00,Charity
2023-09-08,PETROL,1,12.00,petrol
2023-09-08,SHOP EXP,9,150.00,TROLLY
2023-09-08,VISA EXP,13,3650.00,visa nahma
2023-09-08,AADC,12,400.00,electricity
2023-09-08,SALARY,3,750.00,ANU SALARY
2023-09-08,SALARY,3,2000.00,SHABEER SALARY
2023-09-08,CHARITY,6,25.00,CHARITY
2023-09-09,PETROL,1,100.00,PETROL
2023-09-09,GAS,16,68.25,GAS
2023-09-09,SALARY,3,1500.00,SHABEER SALARY
2023-09-09,CHARITY,6,25.00,CHARITY
2023-09-10,PETROL,1,15.00,PETROL
2023-09-10,VEHICLE EXP,4,25.00,BIKE REPAIRE
2023-09-10,SALARY,3,1000.00,FAREED SALARY
2023-09-10,CHARITY,6,25.00,CHARITY
2023-09-11,CHARITY,6,25.00,CHARITY
2023-09-11,SALARY,3,700.00,FAREED SALARY
2023-09-12,PETROL,1,50.00,PETROL
2023-09-12,CARRY BAG,7,139.00,VEG ROLL
2023-09-12,PEST CONTROL,18,50.00,PEST CONTROL
2023-09-12,CHARITY,6,25.00,CHARITY
2023-09-13,PETROL,1,15.00,PETROL
2023-09-13,CHARITY,6,25.00,CHARITY
2023-09-14,PETROL,1,60.00,PETROL
2023-09-14,SALARY,3,1000.00,HILAL SALARY
2023-09-14,CHARITY,6,25.00,CHARITY
2023-09-15,CARRY BAG,7,205.00,CARRY BAG
2023-09-15,AADC,12,500.00,AADC
2023-09-15,SALARY,3,1000.00,HILAL SALARY
2023-09-15,SALARY,3,150.00,ANU SALARY
2023-09-15,CHARITY,6,25.00,CHARITY
2023-09-16,PETROL,1,32.00,PETROL
2023-09-16,SALARY,3,1300.00,KHAN SALARY
2023-09-16,CHARITY,6,25.00,CHARITY
2023-09-17,PETROL,1,20.00,PETROL
2023-09-17,SALARY,3,1000.00,NAHMA SALARY
2023-09-17,CHARITY,6,25.00,CHARITY
2023-09-17,AADC,12,1000.00,AADC
2023-09-17,AADC,12,1000.00,AADC
2023-09-18,PETROL,1,115.00,PETROL
2023-09-18,CHARITY,6,25.00,CHARITY
2023-09-19,VEHICLE EXP,4,500.00,GPS VAN
2023-09-19,CHARITY,6,25.00,CHARITY
2023-09-20,CARRY BAG,7,103.00,CARRY BAG
2023-09-20,REPAIRE & MAINTANENCE,5,300.00,FREEZER REPAIRE
2023-09-20,CHARITY,6,25.00,CHARITY
2023-09-21,PETROL,1,30.00,PETROL
2023-09-21,REPAIRE & MAINTANENCE,5,950.00,FREEZER REPAIRE
2023-09-21,CHARITY,6,25.00,CHARITY
2023-09-22,CARRY BAG,7,82.00,VEG ROLL
2023-09-22,SALARY,3,500.00,SHABEER SALARY
2023-09-22,CHARITY,6,25.00,CHARITY
2023-09-23,PETROL,1,107.00,PETROL
2023-09-23,SALARY,3,1500.00,KHALEEL SALARY
2023-09-23,CHARITY,6,25.00,CHARITY
2023-09-24,CHARITY,6,25.00,CHARITY
2023-09-25,PETROL,1,100.00,PETROL
2023-09-25,CHARITY,6,25.00,CHARITY
2023-09-26,PETROL,1,15.00,PETROL
2023-09-26,CHARITY,6,25.00,CHARITY
2023-09-27,PETROL,1,15.00,PETROL
2023-09-27,GENERAL EXP,14,48.00,BED SHEET
2023-09-27,CARRY BAG,7,205.00,CARRY BAG
2023-09-27,CHARITY,6,25.00,CHARITY
2023-09-28,PETROL,1,50.00,PETROL
2023-09-28,SALARY,3,31.00,WPS CHARGE
2023-09-28,CHARITY,6,25.00,CHARITY
2023-09-29,TRAVEL EXP,20,80.00,TRANSPORT BUS
2023-09-29,SALARY,3,450.00,NAHMA SALARY
2023-09-29,REPAIRE & MAINTANENCE,5,600.00,FIRE & SAFETY
2023-09-29,CHARITY,6,25.00,CHARITY
2023-09-30,CHARITY,6,25.00,CHARITY
2023-10-01,CHARITY,6,25.00,CHARITY
2023-10-02,PETROL,1,80.00,PETROL
2023-10-02,TELEPHONE CHARGE,11,150.00,INTERNET
2023-10-02,PARKING,17,100.00,PARKING
2023-10-02,SALARY,3,500.00,SHABEER SALARY
2023-10-03,PETROL,1,10.00,PETROL
2023-10-03,CARRY BAG,7,82.00,VEG ROLL
2023-10-03,CHARITY,6,25.00,CHARITY
2023-10-03,VEHICLE EXP,4,300.00,CAR REPAIRING
2023-10-04,AADC,12,25.00,CHARITY
2023-10-04,CHARITY,6,25.00,CHARITY
2023-10-05,PETROL,1,165.00,PETROL
2023-10-05,VEHICLE EXP,4,22.00,BIKE REPAIRING
2023-10-05,VEHICLE EXP,4,20.00,OIL
2023-10-05,CHARITY,6,25.00,CHARITY
2023-10-06,REPAIRE & MAINTANENCE,5,1700.00,FREEZER REPAIRE
2023-10-06,SALARY,3,1450.00,NAHANA SALARY
2023-10-06,CHARITY,6,25.00,CHARITY
2023-10-07,SALARY,3,1300.00,KHAN SALARY
2023-10-07,CHARITY,6,25.00,CHARITY
2023-10-07,PETROL,1,100.00,PETROL
2023-10-08,VEHICLE EXP,4,170.00,BIKE
2023-10-08,FOOD,2,21.00,FOOD
2023-10-08,SALARY,3,2000.00,ANU SALARY
2023-10-08,CHARITY,6,25.00,CHARITY
2023-10-09,SALARY,3,500.00,SALARY
2023-10-09,CHARITY,6,25.00,CHARITY
2023-10-10,VISA EXP,13,1000.00,DAMAN NAHANA
2023-10-10,AADC,12,20.00,FOOD
2023-10-10,CHARITY,6,25.00,CHARITY
2023-10-11,SALARY,3,1700.00,FAREED SALARY
2023-10-11,CHARITY,6,25.00,CHARITY
2023-10-12,PETROL,1,12.00,PETROL
2023-10-12,VISA EXP,13,300.00,VISA ANAS
2023-10-12,CHARITY,6,25.00,CHARITY
2023-10-13,PETROL,1,12.00,PETROL
2023-10-13,CHARITY,6,25.00,CHARITY
2023-10-14,CHARITY,6,25.00,CHARITY
2023-10-15,CHARITY,6,25.00,CHARITY
2023-10-16,PETROL,1,68.00,PETROL
2023-10-16,CHARITY,6,25.00,CHARITY
2023-10-17,CHARITY,6,25.00,CHARITY
2023-10-18,PETROL,1,19.00,PETROL
2023-10-18,AADC,12,600.00,AADC
2023-10-18,SALARY,3,1500.00,KHALEEL ALARY
2023-10-18,FOOD,2,20.00,FOOD
2023-10-18,CHARITY,6,25.00,CHARITY
2023-10-19,PETROL,1,50.00,PETROL
2023-10-19,VEHICLE EXP,4,19.00,OIL
2023-10-19,AADC,12,300.00,AADC
2023-10-19,VEHICLE EXP,4,120.00,BIKE
2023-10-20,PETROL,1,15.00,PETROL
2023-10-20,PEST CONTROL,18,50.00,PEST CONTROL
2023-10-20,CHARITY,6,25.00,CHARITY
2023-10-20,AADC,12,300.00,AADC
2023-10-21,REPAIRE & MAINTANENCE,5,105.00,FIRE WORK
2023-10-21,AADC,12,300.00,AADC
2023-10-21,CHARITY,6,25.00,CHARITY
2023-10-22,PETROL,1,65.00,PETROL
2023-10-22,AADC,12,300.00,AADC
2023-10-22,SALARY,3,500.00,ANAS SALARY
2023-10-22,CHARITY,6,25.00,CHARITY
2023-10-23,PETROL,1,125.00,PETROL
2023-10-23,AADC,12,600.00,AADC
2023-10-24,AADC,12,300.00,AADC
2023-10-24,REPAIRE & MAINTANENCE,5,20.00,BIKE
2023-10-24,CHARITY,6,25.00,CHARITY
2023-10-25,PETROL,1,18.00,PETROL
2023-10-25,SALARY,3,31.50,WPS CHARGE
2023-10-25,AADC,12,2300.00,AADC
2023-10-25,CHARITY,6,25.00,CHARITY
2023-10-26,FOOD,2,20.00,FOOD
2023-10-26,REPAIRE & MAINTANENCE,5,800.00,FREEZER
2023-10-26,AADC,12,350.00,AADC
2023-10-26,CHARITY,6,25.00,CHARITY
2023-10-27,AADC,12,1400.00,AADC
2023-10-27,CHARITY,6,25.00,CHARITY
2023-10-28,PETROL,1,19.00,PETROL
2023-10-28,AADC,12,3850.00,AADC
2023-10-28,SALARY,3,800.00,HILAL SALARY
2023-10-28,CHARITY,6,25.00,CHARITY
2023-10-29,PETROL,1,20.00,PETROL
2023-10-29,REPAIRE & MAINTANENCE,5,1000.00,FREEZER REPAIRE
2023-10-29,AADC,12,300.00,AADC
2023-10-29,CHARITY,6,25.00,CHARITY
2023-10-30,PETROL,1,118.00,PETROL
2023-10-30,AADC,12,650.00,AADC
2023-10-30,FOOD,2,20.00,FOOD
2023-10-31,CHARITY,6,25.00,CHARITY
2023-11-01,TRAVEL EXP,20,80.00,BUS TICKET
2023-11-01,ROOM RENT,19,550.00,ROOM RENT
2023-11-01,AADC,12,300.00,AADC
2023-11-01,TELEPHONE CHARGE,11,145.00,INTERNET
2023-11-01,CHARITY,6,25.00,CHARITY
2023-11-02,PETROL,1,17.00,PETROL
2023-11-02,SALARY,3,700.00,HILAL SALARY
2023-11-02,AADC,12,250.00,AADC
2023-11-03,AADC,12,300.00,AADC
2023-11-03,CHARITY,6,25.00,CHARITY
2023-11-04,PETROL,1,100.00,PETROL
2023-11-05,PETROL,1,20.00,PETROL
2023-11-05,REPAIRE & MAINTANENCE,5,500.00,FIRE WORK
2023-11-05,CHARITY,6,25.00,CHARITY
2023-11-06,AADC,12,450.00,AADC
2023-11-06,CHARITY,6,25.00,CHARITY
2023-11-07,AADC,12,50.00,PETROL
2023-11-07,CHARITY,6,25.00,CHARITY
2023-11-07,PARKING,17,150.00,PARKING
2023-11-08,PETROL,1,17.00,PETROL
2023-11-08,AADC,12,400.00,AADC
2023-11-08,CHARITY,6,25.00,CHARITY
2023-11-09,AADC,12,450.00,AADC
2023-11-09,SALARY,3,1000.00,HILAL SALARY
2023-11-09,CHARITY,6,25.00,CHARITY
2023-11-10,PETROL,1,17.00,PETROL
2023-11-10,AADC,12,372.00,AADC
2023-11-10,AADC,12,0.00,AADC
2023-11-10,CHARITY,6,25.00,CHARITY
2023-11-10,SALARY,3,1000.00,HILAL SALARY
2023-11-10,SALARY,3,1450.00,NEHANA SALARY
2023-11-11,CHARITY,6,25.00,CHARITY
2023-11-12,PETROL,1,50.00,PETROL
2023-11-12,AADC,12,284.00,AADC
2023-11-12,CHARITY,6,25.00,CHARITY
2023-11-13,TELEPHONE CHARGE,11,500.00,TELEPHONE BILL
2023-11-13,VISA EXP,13,250.00,ANAS MEDICAL
2023-11-13,CHARITY,6,25.00,CHARITY
2023-11-14,SALARY,3,650.00,ANAS SALARY
2023-11-14,CHARITY,6,25.00,CHARITY
2023-11-15,PETROL,1,17.00,PETROL
2023-11-15,FOOD,2,20.00,FOOD
2023-11-15,SALARY,3,550.00,FAREED SALARY
2023-11-15,AADC,12,400.00,AADC
2023-11-16,PETROL,1,50.00,PETROL
2023-11-16,CHARITY,6,25.00,CHARITY
2023-11-16,SALARY,3,100.00,SHABEER SALARY
2023-11-16,AADC,12,200.00,AADC
2023-11-16,AADC,12,630.00,AADC ELECTRIC BILL RAMEEZ
2023-11-17,PETROL,1,17.00,PETROL
2023-11-17,FOOD,2,68.25,GAS FOR ROOM
2023-11-17,AADC,12,300.00,AADC
2023-11-17,CHARITY,6,25.00,CHARITY
2023-11-17,SALARY,3,1800.00,SHABEER SALARY
2023-11-18,CHARITY,6,25.00,CHARITY
2023-11-18,SALARY,3,500.00,SHABEER SALARY
2023-11-18,SALARY,3,1250.00,FAREED SALARY
2023-11-19,CHARITY,6,25.00,CHARITY
2023-11-19,SALARY,3,1300.00,KHAN SALARY
2023-11-19,AADC,12,200.00,AADC
2023-11-19,SALARY,3,100.00,ANU SALARY ADVANCE
2023-11-20,PETROL,1,50.00,PETROL
2023-11-20,FOOD,2,25.00,FISH
2023-11-20,PETROL,1,10.00,PETROL
2023-11-20,CHARITY,6,25.00,CHARITY
2023-11-20,AADC,12,300.00,AADC
2023-11-21,PETROL,1,10.00,PETROL
2023-11-21,PEST CONTROL,18,50.00,PETS CONTROL
2023-11-21,REPAIRE & MAINTANENCE,5,130.00,BATHROOM MAINTENANCE
2023-11-21,CHARITY,6,25.00,CHARITY
2023-11-22,PETROL,1,10.00,PETROL
2023-11-22,CHARITY,6,25.00,CHARITY
2023-11-22,AADC,12,300.00,AADC
2023-11-23,CHARITY,6,25.00,CHARITY
2023-11-23,SALARY,3,1500.00,KHALEEL SALARY
2023-11-23,AADC,12,400.00,AADC
2023-11-24,PETROL,1,10.00,PETROL
2023-11-24,CHARITY,6,25.00,CHARITY
2023-11-24,AADC,12,200.00,AADC
2023-11-25,PETROL,1,17.00,PETROL
2023-11-25,VEHICLE EXP,4,390.00,TYRE CHANGE
2023-11-25,SALARY,3,1010.00,ANAS SALARY
2023-11-25,CHARITY,6,25.00,CHARITY
2023-11-26,PETROL,1,10.00,PETROL
2023-11-26,PETROL,1,50.00,PETROL
2023-11-26,CHARITY,6,25.00,CHARITY
2023-11-27,VEHICLE EXP,4,920.00,ELECTICAL BIKE
2023-11-27,AADC,12,600.00,AADC
2023-11-27,CHARITY,6,25.00,CHARITY
2023-11-27,FOOD,2,30.00,MESS
2023-11-28,PETROL,1,50.00,PETROL
2023-11-28,SALARY,3,1000.00,SHABEER SALARY
2023-11-28,CHARITY,6,25.00,CHARITY
2023-11-29,CHARITY,6,25.00,CHARITY
2023-11-29,SALARY,3,500.00,SHABEER SALARY
2023-11-30,SALARY,3,200.00,ANAS SALARY ADVANCE
2023-11-30,CHARITY,6,25.00,CHARITY
2023-11-30,FOOD,2,25.00,MESS
2023-11-30,SALARY,3,1900.00,ANU SALARY
2023-12-01,PETROL,1,100.00,PETROL
2023-12-01,SALARY,3,350.00,NEHANA SALARY
2023-12-01,CHARITY,6,25.00,CHARITY
2023-12-01,AADC,12,400.00,AADC
2023-12-02,TELEPHONE,8,147.00,INERNET BILL
2023-12-02,CHARITY,6,25.00,CHARITY
2023-12-02,VISA EXP,13,5500.00,ANAS VISA
2023-12-03,VEHICLE EXP,4,65.00,OIL CHANGE
2023-12-03,PETROL,1,50.00,PETROL
2023-12-03,AADC,12,400.00,AADC
2023-12-03,CHARITY,6,25.00,CHARITY
2023-12-03,TRAVEL EXP,20,80.00,NEHANA BUS CARD
2023-12-03,SALARY,3,700.00,SHABEER
2023-12-05,PETROL,1,50.00,PETROL
2023-12-05,SHOP EXP,9,500.00,STICKER
2023-12-05,SALARY,3,1800.00,JASIR SALARY
2023-12-05,VISA EXP,13,2000.00,ANAS VISA
2023-12-05,AADC,12,400.00,AADC
2023-12-05,CHARITY,6,25.00,CHARITY
2023-12-06,AADC,12,200.00,AADC
2023-12-06,CHARITY,6,25.00,CHARITY
2023-12-07,VEHICLE EXP,4,30.00,CAR WASH
2023-12-07,CHARITY,6,25.00,CHARITY
2023-12-07,AADC,12,400.00,AADC
2023-12-08,VEHICLE EXP,4,35.00,MOTOR CYCLE FREPAIR
2023-12-08,SALARY,3,1450.00,NEHANA SALARY
2023-12-08,CHARITY,6,25.00,CHARITY
2023-12-08,AADC,12,400.00,AADC
2023-12-09,PETROL,1,50.00,PETROL
2023-12-09,CHARITY,6,25.00,CHARITY
2023-12-10,SALARY,3,500.00,SHABEER SALARY
2023-12-10,CHARITY,6,25.00,CHARITY
2023-12-11,PETROL,1,19.00,PETROL
2023-12-11,SALARY,3,1300.00,KHAN SALARY
2023-12-11,CHARITY,6,25.00,CHARITY
2023-12-12,PETROL,1,100.00,PETROL
2023-12-12,TELEPHONE,8,150.00,TELEPHONE BILL
2023-12-12,SALARY,3,1300.00,ANAS SALARY
2023-12-12,SALARY,3,700.00,SHABEER SALARY
2023-12-12,CHARITY,6,25.00,CHARITY
2023-12-12,PETROL,1,50.00,PETROL
2023-12-13,CHARITY,6,25.00,CHARITY
2023-12-14,CHARITY,6,25.00,CHARITY
2023-12-14,AADC,12,400.00,AADC
2023-12-14,FOOD,2,20.00,FISH
2023-12-15,PETROL,1,50.00,PETROL
2023-12-15,SALARY,3,100.00,SHABEER SALARY
2023-12-15,CHARITY,6,25.00,CHARITY
2023-12-16,CHARITY,6,25.00,CHARITY
2023-12-17,AADC,12,400.00,AADC
2023-12-17,CHARITY,6,25.00,CHARITY
2023-12-17,SALARY,3,100.00,ANU SALARY
2023-12-18,AADC,12,400.00,AADC
2023-12-18,CHARITY,6,25.00,CHARITY
2023-12-18,SALARY,3,100.00,ANU SALARY ADVANCE
2023-12-19,PETROL,1,50.00,PETROL
2023-12-19,AADC,12,400.00,AADC
2023-12-19,SHOP EXP,9,10.00,TYPING CHARGE
2023-12-20,PETROL,1,100.00,PETROL
2023-12-20,SHOP EXP,9,0.00,SHOP EXPENSE
2023-12-20,CHARITY,6,25.00,CHARITY
2023-12-21,PETROL,1,50.00,PETROL
2023-12-21,SALARY,3,1500.00,FAREED SALARY
2023-12-21,CHARITY,6,25.00,CHARITY
2023-12-22,AADC,12,400.00,AADC
2023-12-22,CHARITY,6,25.00,CHARITY
2023-12-23,SALARY,3,1500.00,KHALEEL SALARY
2023-12-23,SALARY,3,100.00,ANAS SALARY
2023-12-23,CHARITY,6,25.00,CHARITY
2023-12-24,PETROL,1,30.00,PETROL
2023-12-24,PETROL,1,68.25,PETROL
2023-12-24,SHOP EXP,9,10.50,WPS CHARGE
2023-12-24,SHOP EXP,9,50.00,HYGIENE
2023-12-24,CHARITY,6,25.00,CHARITY
2023-12-24,SALARY,3,100.00,ANU SALARY
2023-12-25,AADC,12,400.00,AADC
2023-12-25,VEHICLE EXP,4,80.00,OIL CHANGE
2023-12-25,SALARY,3,1500.00,KHALEEL SALARY
2023-12-25,CHARITY,6,25.00,CHARITY
2023-12-26,PETROL,1,50.00,PETROL
2023-12-26,AADC,12,400.00,AADC
2023-12-26,SALARY,3,1600.00,HILAL SALARY
2023-12-26,CHARITY,6,25.00,CHARITY
2023-12-27,SHOP EXP,9,37.00,WPS CHARGE
2023-12-27,TELEPHONE,8,150.00,SHOP INTERNET
2023-12-27,SALARY,3,150.00,FAREED SALARY ADVANCE
2023-12-27,CHARITY,6,25.00,CHARITY
2023-12-27,SALARY,3,1100.00,ANU SALARY
2023-12-27,AADC,12,800.00,AADC
2023-12-28,SALARY,3,600.00,ANU SALARY
2023-12-28,CHARITY,6,25.00,CHARITY
2023-12-29,CHARITY,6,25.00,CHARITY
2023-12-29,AADC,12,300.00,AADC
2023-12-30,CHARITY,6,25.00,CHARITY
2023-12-31,CHARITY,6,25.00,CHARITY
2024-01-01,CHARITY,6,25.00,CHARITY
2024-01-01,SALARY,3,250.00,ANU SALARY ADVANCE
2024-01-01,SALARY,3,50.00,FAREED SALARY ADVANCE
2024-01-01,SALARY,3,200.00,ANAS SALARY
2024-01-02,SHOP EXP,9,250.00,GLASS FITTING
2024-01-02,SHOP EXP,9,320.00,CYCLE
2024-01-02,AADC,12,300.00,AADC
2024-01-02,CHARITY,6,25.00,CHARITY
2024-01-03,CHARITY,6,25.00,CHARITY
2024-01-03,AADC,12,300.00,BAM
2024-01-03,SALARY,3,550.00,HILAL SALARY
2024-01-03,VISA EXP,13,1250.00,ANU NASAR VISA
2024-01-03,AADC,12,400.00,AADC
2024-01-04,PETROL,1,50.00,PETROL
2024-01-04,CHARITY,6,25.00,CHARITY
2024-01-04,AADC,12,400.00,AADC
2024-01-05,CHARITY,6,25.00,CHARITY
2024-01-05,SHOP EXP,9,2200.00,FAREED FINE
2024-01-06,CHARITY,6,25.00,CHARITY
2024-01-07,FOOD,2,100.00,FOOD
2024-01-07,CHARITY,6,25.00,CHARITY
2024-01-08,CHARITY,6,25.00,CHARITY
2024-01-09,TRAVEL EXP,20,80.00,NEHANA BUS CARD
2024-01-09,PETROL,1,50.00,PETROL
2024-01-09,CHARITY,6,25.00,CHARITY
2024-01-09,SALARY,3,100.00,NEHANA SALARY
2024-01-09,AADC,12,850.00,AADC
2024-01-10,SALARY,3,1500.00,ANU SALARY
2024-01-10,CHARITY,6,25.00,CHARITY
2024-01-11,VISA EXP,13,250.00,ANU MEDICAL
2024-01-11,SALARY,3,1200.00,NEHANA SALARY
2024-01-11,SHOP EXP,9,100.00,FAREED FINE
2024-01-11,VISA EXP,13,135.00,ANAS INSURENCE
2024-01-12,AADC,12,300.00,AADC
2024-01-12,AADC,12,25.00,CHARITY
2024-01-13,PETROL,1,20.00,PETROL
2024-01-13,SALARY,3,300.00,NASAR SALARY
2024-01-13,VEHICLE EXP,4,125.00,VAN BATTERY
2024-01-13,SALARY,3,1600.00,ANAS SALARY
2024-01-13,AADC,12,300.00,AADC
2024-01-13,VEHICLE EXP,4,75.00,OIL CHANGE
2024-01-14,SHOP EXP,9,1000.00,SELLAJA REPAIR
2024-01-14,CHARITY,6,50.00,CHARITY
2024-01-15,PETROL,1,20.00,PETROL
2024-01-15,FOOD,2,25.00,FISH
2024-01-15,CHARITY,6,25.00,CHARITY
2024-01-16,CHARITY,6,25.00,CHARITY
2024-01-17,AADC,12,300.00,AADC
2024-01-17,CHARITY,6,25.00,CHARITY
2024-01-17,SALARY,3,1300.00,KHAN SALARY
2024-01-18,AADC,12,500.00,AADC
2024-01-18,VEHICLE EXP,4,250.00,RECOVERY
2024-01-18,CHARITY,6,25.00,CHARITY
2024-01-19,CHARITY,6,25.00,CHARITY
2024-01-20,CHARITY,6,25.00,CHARITY
2024-01-20,PETROL,1,50.00,PETROL
2024-01-20,SALARY,3,150.00,NEHANA SALARY
2024-01-20,SALARY,3,50.00,ANAS SALARY
2024-01-20,AADC,12,300.00,AADC
2024-01-21,AADC,12,300.00,AADC
2024-01-21,CHARITY,6,25.00,CHARITY
2024-01-22,VISA EXP,13,700.00,ANU INSURENCE
2024-01-22,CHARITY,6,25.00,CHARITY
2024-01-22,PETROL,1,50.00,PETROL
2024-01-23,VISA EXP,13,1300.00,ANU INSURENCE
2024-01-23,CHARITY,6,25.00,CHARITY
2024-01-24,PETROL,1,20.00,PETROL
2024-01-24,CHARITY,6,25.00,CHARITY
2024-01-24,AADC,12,200.00,AADC
2024-01-25,SALARY,3,100.00,ANAS SALARY
2024-01-25,SALARY,3,1370.00,FAREED SALARY
2024-01-25,CHARITY,6,25.00,CHARITY
2024-01-26,AADC,12,200.00,AADC
2024-01-26,CHARITY,6,25.00,CHARITY
2024-01-27,PETROL,1,20.00,PETROL
2024-01-27,SHOP EXP,9,50.00,PETS CONTROL
2024-01-27,CHARITY,6,25.00,CHARITY
2024-01-28,AADC,12,500.00,AADC
2024-01-28,CHARITY,6,25.00,CHARITY
2024-01-29,PETROL,1,15.00,PETROL
2024-01-29,VEHICLE EXP,4,40.00,OIL CHANGE
2024-01-29,AADC,12,250.00,AADC
2024-01-29,CHARITY,6,25.00,CHARITY
2024-01-30,PETROL,1,10.00,PETROL
2024-01-30,CHARITY,6,25.00,CHARITY
2024-01-30,AADC,12,300.00,AADC
2024-01-31,PETROL,1,30.00,PETROL
2024-01-31,PETROL,1,10.00,PETROL
2024-01-31,SHOP EXP,9,800.00,SELLAJA REPAIR
2024-01-31,AADC,12,300.00,AADC
2024-01-31,VEHICLE EXP,4,10000.00,VEHICLE REPAIR
2024-01-31,VISA EXP,13,5023.00,ANU VISA EXPENCE
2024-02-01,TELEPHONE,8,146.00,SHOP INTERNET
2024-02-01,TELEPHONE,8,200.00,TELEPHONE
2024-02-01,CHARITY,6,25.00,CHARITY
2024-02-02,SALARY,3,1000.00,FAREED SALARY
2024-02-02,CHARITY,6,25.00,CHARITY
2024-02-03,PETROL,1,15.00,PETROL
2024-02-03,SALARY,3,1000.00,HILAL SALARY
2024-02-03,SALARY,3,1000.00,FAREED SALARY
2024-02-03,CHARITY,6,25.00,CHARITY
2024-02-04,SALARY,3,1000.00,HILAL SALARY
2024-02-04,SALARY,3,250.00,ANAS SALARY
2024-02-04,CHARITY,6,25.00,CHARITY
2024-02-04,PETROL,1,50.00,PETROL
2024-02-05,SALARY,3,1000.00,SHABEER SALARY
2024-02-05,CHARITY,6,25.00,CHARITY
2024-02-06,PETROL,1,15.00,PETROL
2024-02-06,SALARY,3,100.00,ANU SALARY
2024-02-06,CHARITY,6,25.00,CHARITY
2024-02-07,CHARITY,6,25.00,CHARITY
2024-02-08,TELEPHONE,8,200.00,TELEPHONE BILL
2024-02-08,CHARITY,6,25.00,CHARITY
2024-02-09,TELEPHONE,8,578.00,TELEPHONE BILL
2024-02-09,CHARITY,6,25.00,CHARITY
2024-02-10,AADC,12,300.00,AADC
2024-02-10,CHARITY,6,25.00,CHARITY
2024-02-11,CHARITY,6,25.00,CHARITY
2024-02-12,PETROL,1,20.00,PETROL
2024-02-12,CHARITY,6,25.00,CHARITY
2024-02-12,FOOD,2,54.00,FOOD
2024-02-13,AADC,12,300.00,AADC
2024-02-13,FOOD,2,100.00,FOOD
2024-02-13,CHARITY,6,25.00,CHARITY
2024-02-14,PETROL,1,15.00,PETROL
2024-02-14,CHARITY,6,25.00,CHARITY
2024-02-15,PETROL,1,20.00,PETROL
2024-02-15,GAS,16,68.25,GAS FOR ROOM
2024-02-15,SALARY,3,450.00,NEHANA SALARY
2024-02-15,AADC,12,300.00,AADC
2024-02-15,CHARITY,6,25.00,CHARITY
2024-02-16,PETROL,1,20.00,PETROL
2024-02-16,PETROL,1,50.00,PETROL
2024-02-16,TRAVEL EXP,20,80.00,NEHANA BUS CARD
2024-02-16,CHARITY,6,25.00,CHARITY
2024-02-17,CHARITY,6,25.00,CHARITY
2024-02-18,FOOD,2,32.00,FOOD
2024-02-18,CHARITY,6,25.00,CHARITY
2024-02-18,SALARY,3,1000.00,SHABEER SALARY
2024-02-19,PETROL,1,50.00,PETROL
2024-02-19,SALARY,3,1966.00,ANU SALARY
2024-02-19,SALARY,3,100.00,ANAS SALARY
2024-02-19,CHARITY,6,25.00,CHARITY
2024-02-20,CHARITY,6,25.00,CHARITY
2024-02-21,AADC,12,350.00,AADC
2024-02-21,CHARITY,6,25.00,CHARITY
2024-02-22,PETROL,1,20.00,PETROL
2024-02-22,AADC,12,300.00,AADC
2024-02-22,CHARITY,6,25.00,CHARITY
2024-02-23,PETROL,1,20.00,PETROL
2024-02-23,CHARITY,6,25.00,CHARITY
2024-02-24,PETROL,1,20.00,PETROL
2024-02-24,AADC,12,300.00,AADC
2024-02-24,CHARITY,6,25.00,CHARITY
2024-02-25,ROOM RENT,19,225.00,NEHANA ROOM RENT
2024-02-25,AADC,12,300.00,AADC
2024-02-25,CHARITY,6,25.00,CHARITY
2024-02-26,PETROL,1,50.00,PETROL
2024-02-26,SALARY,3,2100.00,SHABEER SALARY
2024-02-26,SALARY,3,100.00,ANAS SALARY
2024-02-26,SALARY,3,1000.00,HILAL SALARY
2024-02-27,AADC,12,500.00,AADC
2024-02-27,VEHICLE EXP,4,170.00,RECOVERY
2024-02-27,CHARITY,6,25.00,CHARITY
2024-02-28,PETROL,1,50.00,PETROL
2024-02-28,TELEPHONE CHARGE,11,146.00,WIFI RECHARGE
2024-02-28,AADC,12,200.00,AADC
2024-02-29,VEHICLE EXP,4,30.00,BUMBER LIGHT
2024-02-29,CHARITY,6,25.00,CHARITY
2024-02-29,AADC,12,300.00,AADC
2024-03-01,SALARY,3,100.00,ANAS SALARY
2024-03-01,CHARITY,6,25.00,CHARITY
2024-03-02,TELEPHONE CHARGE,11,147.00,WIFI RECHARGE
2024-03-02,CHARITY,6,25.00,CHARITY
2024-03-03,CHARITY,6,25.00,CHARITY
2024-03-04,CHARITY,6,25.00,CHARITY
2024-03-05,CHARITY,6,25.00,CHARITY
2024-03-06,CHARITY,6,25.00,CHARITY
2024-03-09,SHOP EXP,9,40.00,SHEET
2024-03-09,PETROL,1,55.00,PETROL
2024-03-09,CHARITY,6,25.00,CHARITY
2024-03-10,PETROL,1,20.00,PETROL
2024-03-10,CHARITY,6,25.00,CHARITY
2024-03-11,PETROL,1,120.00,PETROL
2024-03-11,CHARITY,6,25.00,CHARITY
2024-03-11,FOOD,2,8.00,FOOD
2024-03-12,PETROL,1,50.00,PETROL
2024-03-12,VEHICLE EXP,4,10.00,PUNCHER
2024-03-12,ROOM RENT,19,350.00,NEHANA ROOM RENT
2024-03-12,AADC,12,550.00,AADC
2024-03-12,SALARY,3,1300.00,KHAN SALARY
2024-03-12,SALARY,3,1000.00,NASAR SALARY
2024-03-12,SALARY,3,1000.00,NEHANA SALARY
2024-03-12,VEHICLE EXP,4,100.00,SALIK
2024-03-12,FOOD,2,96.00,FOOD
2024-03-12,CHARITY,6,25.00,CHARITY
2024-03-13,PETROL,1,20.00,PETROL
2024-03-13,PEST CONTROL,18,50.00,PETS CONTROL
2024-03-13,SALARY,3,220.00,NEHANA SALARY
2024-03-13,SALARY,3,500.00,NASAR SALARY
2024-03-13,CHARITY,6,25.00,CHARITY
2024-03-14,AADC,12,300.00,AADC
2024-03-14,SALARY,3,1200.00,ANAS SALARY
2024-03-14,CHARITY,6,25.00,CHARITY
2024-03-15,PETROL,1,30.00,PETROL
2024-03-15,SALARY,3,2000.00,HILAL SALARY
2024-03-15,VEHICLE EXP,4,15.00,CYCLE
2024-03-15,SALARY,3,1250.00,JASIR SALARY
2024-03-15,SALARY,3,60.00,ANU SALARY ADVANCE
2024-03-15,SALARY,3,2500.00,SHABEER SALARY
2024-03-15,CHARITY,6,25.00,CHARITY
2024-03-16,SALARY,3,500.00,ANAS SALARY
2024-03-16,PETROL,1,30.00,PETROL
2024-03-16,CHARITY,6,25.00,CHARITY
2024-03-17,PETROL,1,20.00,PETROL
2024-03-17,CHARITY,6,25.00,CHARITY
2024-03-17,SHOP EXP,9,850.00,CAMARA CID
2024-03-17,SALARY,3,1000.00,ANU SALARY
2024-03-18,PETROL,1,50.00,PETROL
2024-03-18,CHARITY,6,25.00,CHARITY
2024-03-18,SHOP EXP,9,100.00,SELLAJA REPAIR
2024-03-18,AADC,12,300.00,AADC
2024-03-19,AADC,12,300.00,AADC
2024-03-19,CHARITY,6,25.00,CHARITY
2024-03-20,PETROL,1,50.00,PETROL
2024-03-20,TRAVEL EXP,20,95.00,NEHANA BUS CARD
2024-03-20,VEHICLE EXP,4,80.00,OIL CHANGE
2024-03-21,VEHICLE EXP,4,35.00,BIKE PUNCHER
2024-03-21,AADC,12,600.00,AADC
2024-03-21,SALARY,3,100.00,ANAS SALARY
2024-03-21,SALARY,3,750.00,ANU SALARY
2024-03-21,PETROL,1,50.00,PETROL
2024-03-21,SHOP EXP,9,44.00,BANK CHARGE
2024-03-22,SHOP EXP,9,65.00,BANK CHARGE
2024-03-22,CHARITY,6,25.00,CHARITY
2024-03-23,AADC,12,300.00,AADC
2024-03-23,CHARITY,6,25.00,CHARITY
2024-03-24,SALARY,3,700.00,SHAMSEER SALARY
2024-03-24,CHARITY,6,25.00,CHARITY
2024-03-25,PETROL,1,115.00,PETROL
2024-03-25,CHARITY,6,25.00,CHARITY
2024-03-26,CHARITY,6,25.00,CHARITY
2024-03-26,AADC,12,250.00,AADC
2024-03-26,SHOP EXP,9,175.00,KIYAR
2024-03-26,AADC,12,2115.00,AADC
2024-03-27,SHOP EXP,9,44.00,BANK CHARGE
2024-03-27,CHARITY,6,25.00,CHARITY
2024-03-27,SHOP EXP,9,200.00,HEDGE ACCOUNTS
2024-03-28,SHOP EXP,9,500.00,HEDGE ACCOUNTS
2024-03-28,CHARITY,6,25.00,CHARITY
2024-03-28,SALARY,3,1350.00,HILAL SALARY
2024-03-28,VEHICLE EXP,4,35.00,CAR WASH
2024-03-28,VEHICLE EXP,4,30.00,PUNCHER
2024-03-29,CHARITY,6,25.00,CHARITY
2024-03-30,PETROL,1,20.00,PETROL
2024-03-30,SALARY,3,250.00,ANU SALARY
2024-03-30,SALARY,3,100.00,ANAS SALARY
2024-03-30,CHARITY,6,25.00,CHARITY
2024-03-31,SALARY,3,300.00,SHABEER SALARY
2024-03-31,CHARITY,6,25.00,CHARITY
2024-04-01,PETROL,1,50.00,PETROL
2024-04-01,VEHICLE EXP,4,55.00,HEAD BULB  AND PETROL CAP
2024-04-01,CHARITY,6,25.00,CHARITY
2024-04-01,SHOP EXP,9,210.00,SHOP INTERNET
2024-04-02,CHARITY,6,25.00,CHARITY
2024-04-03,SALARY,3,1700.00,ANAS SALARY
2024-04-03,AADC,12,150.00,AADC
2024-04-03,CHARITY,6,25.00,CHARITY
2024-04-04,PETROL,1,20.00,PETROL
2024-04-04,VEHICLE EXP,4,194.00,WORLD LINK
2024-04-04,PETROL,1,50.00,PETROL
2024-04-04,FOOD,2,65.00,FOOD
2024-04-04,SALARY,3,1400.00,KHAN SALARY
2024-04-04,SALARY,3,1650.00,NEHANA SALARY
2024-04-04,CHARITY,6,25.00,CHARITY
2024-04-06,PETROL,1,30.00,PETROL
2024-04-06,SALARY,3,1000.00,ANU SALARY
2024-04-06,SALARY,3,1530.00,SHABEER SALARY
2024-04-06,SALARY,3,100.00,ANAS SALARY
2024-04-06,CHARITY,6,25.00,CHARITY
2024-04-07,CHARITY,6,25.00,CHARITY
2024-04-08,PETROL,1,30.00,PETROL
2024-04-08,FOOD,2,65.00,FOOD
2024-04-08,CHARITY,6,25.00,CHARITY
2024-04-09,PETROL,1,50.00,PETROL
2024-04-09,SHOP EXP,9,3800.00,EID BONNUS
2024-04-09,CHARITY,6,25.00,CHARITY
2024-04-10,CHARITY,6,25.00,CHARITY
2024-04-10,SALARY,3,1500.00,NASAR SALARY
2024-04-10,SHOP EXP,9,500.00,BABU
2024-04-10,FOOD,2,100.00,FOOD
2024-04-11,CHARITY,6,25.00,CHARITY
2024-04-12,CHARITY,6,25.00,CHARITY
2024-04-13,PETROL,1,50.00,PETROL
2024-04-13,CHARITY,6,25.00,CHARITY
2024-04-13,SHOP EXP,9,450.00,RAMADAN
2024-04-13,FOOD,2,15.00,FISH
2024-04-13,SHOP EXP,9,100.00,NATHOOR
2024-04-14,CHARITY,6,25.00,CHARITY
2024-04-14,SALARY,3,2170.00,SHABEER SALARY
2024-04-15,PETROL,1,50.00,CHARITY
2024-04-15,AADC,12,400.00,AADC
2024-04-16,FOOD,2,64.00,FOOD
2024-04-16,CHARITY,6,25.00,CHARITY
2024-04-17,PETROL,1,50.00,PETROL
2024-04-17,SALARY,3,2500.00,SHABEER SALARY
2024-04-17,CHARITY,6,25.00,CHARITY
2024-04-18,SHOP EXP,9,15.00,TAXI
2024-04-18,SHOP EXP,9,130.00,ELETRITION
2024-04-18,CHARITY,6,25.00,CHARITY
2024-04-19,PETROL,1,50.00,PETROL
2024-04-19,VEHICLE EXP,4,25.00,CAR WASH
2024-04-19,SALARY,3,50.00,NEHANA SALARY
2024-04-19,CHARITY,6,25.00,CHARITY
2024-04-20,TRAVEL EXP,20,95.00,NEHANA BUS CARD
2024-04-20,SALARY,3,2250.00,SHABEER SALARY
2024-04-20,CHARITY,6,25.00,CHARITY
2024-04-21,CHARITY,6,25.00,CHARITY
2024-04-21,SALARY,3,100.00,ANAS SALARY
2024-04-22,PETROL,1,50.00,PETROL
2024-04-22,FOOD,2,50.00,FOOD
2024-04-22,VEHICLE EXP,4,40.00,BIKE SEAT CHANGE
2024-04-22,CHARITY,6,25.00,CHARITY
2024-04-23,FOOD,2,10.00,FISH
2024-04-23,CHARITY,6,25.00,CHARITY
2024-04-23,SALARY,3,60.00,ANU SALARY
2024-04-24,PETROL,1,50.00,PETROL
2024-04-24,CHARITY,6,25.00,CHARITY
2024-04-24,AADC,12,1000.00,AADC
2024-04-25,CHARITY,6,25.00,CHARITY
2024-04-26,CHARITY,6,25.00,CHARITY
2024-04-27,CHARITY,6,25.00,CHARITY
2024-04-27,PETROL,1,50.00,PETROL
2024-04-27,PEST CONTROL,18,100.00,PETS CONTROL
2024-04-27,SALARY,3,50.00,SALMAN SALARY ADVANCE
2024-04-27,AADC,12,1500.00,AADC
2024-04-28,SALARY,3,100.00,ANAS SALARY
2024-04-28,SALARY,3,500.00,NEHANA SALARY
2024-04-28,CHARITY,6,25.00,CHARITY
2024-04-29,CHARITY,6,25.00,CHARITY
2024-04-30,PETROL,1,50.00,PETROL
2024-04-30,SALARY,3,2250.00,SHABEER SALARY
2024-04-30,CHARITY,6,25.00,CHARITY
2024-05-01,CHARITY,6,25.00,CHARITY
2024-05-01,SHOP EXP,9,210.00,SHOP INTERNET
2024-05-02,CHARITY,6,25.00,CHARITY
2024-05-03,CHARITY,6,25.00,CHARITY
2024-05-04,PETROL,1,30.00,PETROL
2024-05-04,PETROL,1,50.00,PETROL
2024-05-04,CHARITY,6,25.00,CHARITY
2024-05-04,SALARY,3,940.00,ANU SALARY
2024-05-05,SALARY,3,1000.00,HILAL SALARY
2024-05-05,CHARITY,6,25.00,CHARITY
2024-05-05,SALARY,3,100.00,ANAS SALARY
2024-05-06,PETROL,1,50.00,PETROL
2024-05-06,SALARY,3,880.00,SALMAN SALARY
2024-05-06,CHARITY,6,25.00,CHARITY
2024-05-07,SALARY,3,50.00,NEHANA SALARY
2024-05-07,VEHICLE EXP,4,25.00,TYRE PUNCHER
2024-05-07,CHARITY,6,25.00,CHARITY
2024-05-08,PETROL,1,50.00,PETROL
2024-05-08,SALARY,3,50.00,SALMAN SALARY
2024-05-08,CHARITY,6,25.00,CHARITY
2024-05-09,CHARITY,6,25.00,CHARITY
2024-05-10,SALARY,3,2250.00,SHABEER SALARY
2024-05-10,SALARY,3,20.00,NEHANA SALARY
2024-05-10,SALARY,3,1000.00,NASAR SALARY
2024-05-10,CHARITY,6,25.00,CHARITY
2024-05-11,SALARY,3,1400.00,KHAN SALARY
2024-05-11,CHARITY,6,25.00,CHARITY
2024-05-12,PETROL,1,50.00,PETROL
2024-05-12,CHARITY,6,25.00,CHARITY
2024-05-12,SALARY,3,500.00,NASAR SALARY
2024-05-13,SHOP EXP,9,50.00,CHECK BOOK COMISSION
2024-05-13,CHARITY,6,25.00,CHARITY
2024-05-13,SALARY,3,800.00,ANAS SALARY
2024-05-13,ROOM RENT,19,350.00,NEHANA ROOM RENT
2024-05-13,FOOD,2,32.00,FOOD
2024-05-14,PETROL,1,30.00,PETROL
2024-05-14,CHARITY,6,25.00,CHARITY
2024-05-14,SALARY,3,800.00,ANAS SALARY
2024-05-15,PETROL,1,50.00,PETROL
2024-05-15,CHARITY,6,25.00,CHARITY
2024-05-15,SALARY,3,855.00,NEHANA SALARY
2024-05-16,PETROL,1,30.00,PETROL
2024-05-16,CHARITY,6,25.00,CHARITY
2024-05-17,SALARY,3,100.00,ANU SALARY
2024-05-17,CHARITY,6,25.00,CHARITY
2024-05-18,FOOD,2,15.00,FISH
2024-05-18,CHARITY,6,25.00,CHARITY
2024-05-19,PETROL,1,60.00,PETROL
2024-05-19,SALARY,3,1000.00,HILAL SALARY
2024-05-19,CHARITY,6,25.00,CHARITY
2024-05-20,VEHICLE EXP,4,20.00,TYRE PUNCHER
2024-05-20,CHARITY,6,25.00,CHARITY
2024-05-20,SALARY,3,2250.00,SHABEER SALARY
2024-05-21,SALARY,3,100.00,ANAS SALARY
2024-05-21,TRAVEL EXP,20,95.00,NEHANA BUS CARD
2024-05-21,CHARITY,6,25.00,CHARITY
2024-05-22,PETROL,1,100.00,PETROL
2024-05-22,CHARITY,6,25.00,CHARITY
2024-05-22,PETROL,1,100.00,PETROL
2024-05-22,AADC,12,500.00,AADC
2024-05-23,CHARITY,6,25.00,CHARITY
2024-05-24,AADC,12,500.00,AADC
2024-05-24,CHARITY,6,25.00,CHARITY
2024-05-24,SALARY,3,100.00,ANU SALARY
2024-05-25,PETROL,1,100.00,PETROL
2024-05-25,VEHICLE EXP,4,25.00,CAR WASH
2024-05-25,CHARITY,6,25.00,CHARITY
2024-05-26,SALARY,3,300.00,ANAS SALARY
2024-05-26,SALARY,3,50.00,SALMAN SALARY
2024-05-26,CHARITY,6,25.00,CHARITY
2024-05-26,AADC,12,1000.00,AADC
2024-05-27,SALARY,3,82.00,SALARY WPS
2024-05-27,CHARITY,6,25.00,CHARITY
2024-05-28,AADC,12,1000.00,AADC
2024-05-28,SALARY,3,700.00,"SALARY , ANAS-200, ANU -500"
2024-05-28,FOOD,2,32.00,FOOD
2024-05-29,PETROL,1,50.00,PETROL
2024-05-29,CHARITY,6,25.00,CHARITY
2024-05-30,CHARITY,6,25.00,CHARITY
2024-05-30,AADC,12,500.00,AADC
2024-05-30,SALARY,3,500.00,ANAS
2024-05-31,CHARITY,6,25.00,CHARITY
2024-06-01,PETROL,1,50.00,PETROL
2024-06-01,CHARITY,6,25.00,CHARITY
2024-06-02,CHARITY,6,25.00,CHARITY
2024-06-03,SALARY,3,200.00,ANU SALARY
2024-06-03,VEHICLE EXP,4,12.00,PUNCHER
2024-06-03,AADC,12,500.00,AADC
2024-06-03,CHARITY,6,25.00,CHARITY
2024-06-04,CHARITY,6,25.00,CHARITY
2024-06-05,SALARY,3,600.00,ANU SALARY
2024-06-05,CHARITY,6,25.00,CHARITY
2024-06-06,CHARITY,6,25.00,CHARITY
2024-06-07,CHARITY,6,25.00,CHARITY
2024-06-07,SALARY,3,1300.00,SALMAN SALARY
2024-06-08,VEHICLE EXP,4,135.00,OIL CHANGE
2024-06-08,CHARITY,6,25.00,CHARITY
2024-06-08,AADC,12,500.00,AADC
2024-06-09,PETROL,1,100.00,PETROL
2024-06-09,VEHICLE EXP,4,100.00,OIL CHANGE
2024-06-09,VEHICLE EXP,4,110.00,CAR PARTS
2024-06-09,CHARITY,6,25.00,CHARITY
2024-06-10,AADC,12,500.00,AADC
2024-06-10,AADC,12,500.00,AADC
2024-06-10,CHARITY,6,25.00,CHARITY
2024-06-11,SHOP EXP,9,145.00,CAMERA
2024-06-11,VEHICLE EXP,4,105.00,COIL CHANGE
2024-06-11,AADC,12,500.00,AADC
2024-06-11,CHARITY,6,25.00,CHARITY
2024-06-12,CHARITY,6,25.00,CHARITY
2024-06-13,PETROL,1,50.00,PETROL
2024-06-13,SALARY,3,1800.00,JASIR SALARY
2024-06-13,CHARITY,6,25.00,CHARITY
2024-06-14,SHOP EXP,9,500.00,AC REPAIR
2024-06-14,ROOM RENT,19,350.00,NEHANA ROOM RENT
2024-06-14,CHARITY,6,25.00,CHARITY
2024-06-15,CHARITY,6,25.00,CHARITY-25
2024-06-15,SHOP EXP,9,800.00,EID
2024-06-15,AADC,12,1500.00,AADC
2024-06-16,FOOD,2,126.00,FOOD
2024-06-16,CHARITY,6,25.00,CHARITY
2024-06-16,SHOP EXP,9,100.00,NATHOOR
2024-06-16,SHOP EXP,9,500.00,SELLAJA REPAIR
2024-06-17,AADC,12,70.00,AADC
2024-06-17,CHARITY,6,25.00,CHARITY
2024-06-17,ROOM RENT,19,350.00,NEHANA ROOM RENT
2024-06-18,PETROL,1,50.00,PETROL
2024-06-18,CHARITY,6,25.00,CHARITY
2024-06-18,SALARY,3,2000.00,HILAL SALARY
2024-06-19,SHOP EXP,9,60.00,PIPE REPAIR
2024-06-19,CHARITY,6,25.00,CHARITY
2024-06-20,CHARITY,6,25.00,CHARITY
2024-06-21,AADC,12,500.00,AADC
2024-06-21,CHARITY,6,25.00,Charity
2024-06-22,SALARY,3,100.00,Anu Salary
2024-06-22,CHARITY,6,25.00,Charity
2024-06-23,AADC,12,550.00,AADC
2024-06-23,CHARITY,6,25.00,Charity
2024-06-24,VEHICLE EXP,4,720.00,Car Repair
2024-06-24,CHARITY,6,25.00,Charity
2024-06-24,TRAVEL EXP,20,95.00,Bus Card
2024-06-25,CHARITY,6,25.00,Charity
2024-06-25,VEHICLE EXP,4,10.00,Bike Repair
2024-06-26,CHARITY,6,25.00,Charity
2024-06-27,PETROL,1,50.00,ADNOC
2024-06-27,CHARITY,6,25.00,Charity
2024-06-27,SHOP EXP,9,100.00,Fridge Repair
2024-06-27,SALARY,3,500.00,Abnas Salary
2024-06-28,CHARITY,6,25.00,CHARITY
2024-06-28,SHOP EXP,9,562.00,Tax
2024-06-28,VEHICLE EXP,4,250.00,Van
2024-06-28,CHARITY,6,25.00,Charity
2024-06-29,CHARITY,6,25.00,Charity
2024-06-29,SALARY,3,100.00,Fareed Salary
2024-06-30,TELEPHONE,8,1000.00,Land Phone
2024-06-30,CHARITY,6,25.00,Charity